album_1,album_2,similarity
Ariana Grande - Sweetener,Harry Styles - Harry's House,0.968
"Ariana Grande - Thank U, Next",Taylor Swift - Lover,0.965
Taylor Swift - 1989,"Ariana Grande - Thank U, Next",0.961
Ariana Grande - Sweetener,Taylor Swift - Lover,0.959
Taylor Swift - 1989,Taylor Swift - Lover,0.959
Ariana Grande - Sweetener,"Ariana Grande - Thank U, Next",0.955
Taylor Swift - Lover,Taylor Swift - Folklore,0.95
Taylor Swift - Lover,Harry Styles - Harry's House,0.95
Taylor Swift - 1989,Ariana Grande - Sweetener,0.949
"Ariana Grande - Thank U, Next",Harry Styles - Harry's House,0.941
Taylor Swift - Lover,Olivia Rodrigo - Sour,0.94
Taylor Swift - 1989,Olivia Rodrigo - Sour,0.935
Taylor Swift - 1989,Harry Styles - Harry's House,0.933
"Ariana Grande - Thank U, Next",Taylor Swift - Folklore,0.933
"Ariana Grande - Thank U, Next",Olivia Rodrigo - Sour,0.933
Taylor Swift - Folklore,Harry Styles - Harry's House,0.927
Taylor Swift - 1989,Taylor Swift - Folklore,0.925
Rihanna - Anti,Ariana Grande - Sweetener,0.923
Taylor Swift - Folklore,Olivia Rodrigo - Sour,0.922
Taylor Swift - Reputation,Taylor Swift - Lover,0.919
Ariana Grande - Sweetener,Taylor Swift - Folklore,0.918
Olivia Rodrigo - Sour,Harry Styles - Harry's House,0.916
Taylor Swift - Reputation,Taylor Swift - Folklore,0.912
Ariana Grande - Sweetener,Olivia Rodrigo - Sour,0.912
Taylor Swift - Reputation,"Ariana Grande - Thank U, Next",0.909
Taylor Swift - 1989,Taylor Swift - Reputation,0.906
Adele - 30,Harry Styles - Harry's House,0.904
Taylor Swift - Reputation,Olivia Rodrigo - Sour,0.903
Taylor Swift - Reputation,Harry Styles - Harry's House,0.896
Taylor Swift - Lover,Adele - 30,0.889
Taylor Swift - Reputation,Ariana Grande - Sweetener,0.886
Rihanna - Anti,Harry Styles - Harry's House,0.885
Taylor Swift - Folklore,Adele - 30,0.884
Justin Bieber - Purpose,Taylor Swift - Lover,0.882
Rihanna - Anti,Taylor Swift - Lover,0.882
Justin Bieber - Purpose,Harry Styles - Harry's House,0.88
Taylor Swift - Lover,Taylor Swift - Midnights,0.879
Ed Sheeran - Divide,Lorde - Melodrama,0.877
Rihanna - Anti,"Ariana Grande - Thank U, Next",0.875
Olivia Rodrigo - Sour,Adele - 30,0.871
Justin Bieber - Purpose,Taylor Swift - Folklore,0.867
Taylor Swift - 1989,Rihanna - Anti,0.867
Harry Styles - Harry's House,Taylor Swift - Midnights,0.865
Ariana Grande - Sweetener,Taylor Swift - Midnights,0.865
"Ariana Grande - Thank U, Next",Adele - 30,0.864
Taylor Swift - Reputation,Adele - 30,0.861
Adele - 30,Taylor Swift - Midnights,0.861
Adele - 25,Taylor Swift - Folklore,0.86
Justin Bieber - Purpose,"Ariana Grande - Thank U, Next",0.86
Justin Bieber - Purpose,Ariana Grande - Sweetener,0.86
Ariana Grande - Sweetener,Adele - 30,0.86
"Ariana Grande - Thank U, Next",Taylor Swift - Midnights,0.858
Taylor Swift - 1989,Adele - 30,0.858
Taylor Swift - 1989,Taylor Swift - Midnights,0.853
Taylor Swift - 1989,Justin Bieber - Purpose,0.853
Justin Bieber - Purpose,Harry Styles - Fine Line,0.852
Lorde - Melodrama,Olivia Rodrigo - Sour,0.847
Taylor Swift - 1989,Ed Sheeran - Divide,0.845
Taylor Swift - 1989,Lorde - Melodrama,0.845
Ed Sheeran - Divide,Olivia Rodrigo - Sour,0.841
Olivia Rodrigo - Sour,Taylor Swift - Midnights,0.841
Justin Bieber - Purpose,Adele - 30,0.84
Taylor Swift - Folklore,Taylor Swift - Midnights,0.839
Justin Bieber - Purpose,Olivia Rodrigo - Sour,0.839
Lorde - Melodrama,Taylor Swift - Lover,0.839
Rihanna - Anti,Olivia Rodrigo - Sour,0.836
Justin Bieber - Purpose,Taylor Swift - Midnights,0.836
Ed Sheeran - Divide,Taylor Swift - Lover,0.835
Adele - 25,Harry Styles - Fine Line,0.834
Lorde - Melodrama,"Ariana Grande - Thank U, Next",0.831
Lorde - Melodrama,Taylor Swift - Folklore,0.83
Ed Sheeran - Divide,"Ariana Grande - Thank U, Next",0.825
Harry Styles - Fine Line,Taylor Swift - Folklore,0.82
Adele - 25,Taylor Swift - Lover,0.819
Adele - 25,Harry Styles - Harry's House,0.809
Justin Bieber - Purpose,Taylor Swift - Reputation,0.808
Harry Styles - Fine Line,Adele - 30,0.805
Taylor Swift - Reputation,Taylor Swift - Midnights,0.805
Lorde - Melodrama,Harry Styles - Harry's House,0.803
Adele - 25,"Ariana Grande - Thank U, Next",0.801
Ed Sheeran - Divide,Taylor Swift - Folklore,0.799
Harry Styles - Fine Line,Harry Styles - Harry's House,0.799
Lorde - Melodrama,Taylor Swift - Reputation,0.798
Rihanna - Anti,Taylor Swift - Midnights,0.796
Adele - 25,Ariana Grande - Sweetener,0.796
Rihanna - Anti,Taylor Swift - Folklore,0.791
Lorde - Melodrama,Ariana Grande - Sweetener,0.791
Ed Sheeran - Divide,Taylor Swift - Reputation,0.79
Taylor Swift - Lover,Harry Styles - Fine Line,0.789
Lorde - Melodrama,Adele - 30,0.789
Adele - 25,Adele - 30,0.789
Taylor Swift - 1989,Adele - 25,0.789
Rihanna - Anti,Taylor Swift - Reputation,0.788
Adele - 25,Justin Bieber - Purpose,0.783
Adele - 25,Dua Lipa - Future Nostalgia,0.781
Rihanna - Anti,Adele - 30,0.78
Harry Styles - Fine Line,Taylor Swift - Midnights,0.78
Ed Sheeran - Divide,Ariana Grande - Sweetener,0.779
Adele - 25,Olivia Rodrigo - Sour,0.776
Justin Bieber - Purpose,Rihanna - Anti,0.775
Harry Styles - Fine Line,Olivia Rodrigo - Sour,0.773
Ed Sheeran - Divide,Harry Styles - Harry's House,0.772
Adele - 25,Taylor Swift - Midnights,0.771
Ariana Grande - Sweetener,Harry Styles - Fine Line,0.766
"Ariana Grande - Thank U, Next",Harry Styles - Fine Line,0.761
Olivia Rodrigo - Sour,Olivia Rodrigo - Guts,0.76
Taylor Swift - 1989,Harry Styles - Fine Line,0.753
Taylor Swift - 1989,Olivia Rodrigo - Guts,0.75
Justin Bieber - Purpose,Lorde - Melodrama,0.749
Ariana Grande - Sweetener,Olivia Rodrigo - Guts,0.744
Ed Sheeran - Divide,Adele - 30,0.742
Taylor Swift - Lover,Olivia Rodrigo - Guts,0.737
Harry Styles - Harry's House,Olivia Rodrigo - Guts,0.737
"Ariana Grande - Thank U, Next",Olivia Rodrigo - Guts,0.735
Adele - 25,Taylor Swift - Reputation,0.73
Adele - 30,Olivia Rodrigo - Guts,0.724
Taylor Swift - Folklore,The Weeknd - After Hours,0.723
Justin Bieber - Purpose,Ed Sheeran - Divide,0.722
Taylor Swift - Reputation,Olivia Rodrigo - Guts,0.719
Taylor Swift - Lover,The Weeknd - After Hours,0.718
Lorde - Melodrama,Taylor Swift - Midnights,0.717
Rihanna - Anti,Ed Sheeran - Divide,0.715
"Ariana Grande - Thank U, Next",The Weeknd - After Hours,0.709
Taylor Swift - Reputation,Harry Styles - Fine Line,0.708
Taylor Swift - Reputation,The Weeknd - After Hours,0.704
Rihanna - Anti,Lorde - Melodrama,0.701
Taylor Swift - Folklore,Olivia Rodrigo - Guts,0.699
Lorde - Melodrama,Harry Styles - Fine Line,0.696
Adele - 25,Lorde - Melodrama,0.695
Rihanna - Anti,Olivia Rodrigo - Guts,0.693
Ariana Grande - Sweetener,The Weeknd - After Hours,0.688
Taylor Swift - 1989,The Weeknd - After Hours,0.684
Dua Lipa - Future Nostalgia,Taylor Swift - Folklore,0.682
The Weeknd - After Hours,Harry Styles - Harry's House,0.682
Lorde - Melodrama,Olivia Rodrigo - Guts,0.681
The Weeknd - After Hours,Olivia Rodrigo - Sour,0.677
Harry Styles - Fine Line,Dua Lipa - Future Nostalgia,0.676
Ed Sheeran - Divide,Taylor Swift - Midnights,0.673
Adele - 25,Rihanna - Anti,0.667
The Weeknd - After Hours,Adele - 30,0.664
Taylor Swift - Midnights,Olivia Rodrigo - Guts,0.661
Ed Sheeran - Divide,Olivia Rodrigo - Guts,0.659
Rihanna - Anti,Harry Styles - Fine Line,0.653
Justin Bieber - Purpose,Olivia Rodrigo - Guts,0.648
Harry Styles - Fine Line,Olivia Rodrigo - Guts,0.628
"Billie Eilish - When We All Fall Asleep, Where Do We Go?",Harry Styles - Fine Line,0.626
Adele - 25,Olivia Rodrigo - Guts,0.623
Justin Bieber - Purpose,The Weeknd - After Hours,0.618
Justin Bieber - Purpose,Dua Lipa - Future Nostalgia,0.614
Taylor Swift - Lover,Dua Lipa - Future Nostalgia,0.612
Ed Sheeran - Divide,Harry Styles - Fine Line,0.612
Ed Sheeran - Divide,The Weeknd - After Hours,0.607
Adele - 25,Ed Sheeran - Divide,0.606
The Weeknd - After Hours,Taylor Swift - Midnights,0.603
"Ariana Grande - Thank U, Next",Dua Lipa - Future Nostalgia,0.6
Dua Lipa - Future Nostalgia,Taylor Swift - Midnights,0.593
Rihanna - Anti,The Weeknd - After Hours,0.587
Dua Lipa - Future Nostalgia,Harry Styles - Harry's House,0.581
Lorde - Melodrama,The Weeknd - After Hours,0.578
Adele - 25,"Billie Eilish - When We All Fall Asleep, Where Do We Go?",0.577
Ariana Grande - Sweetener,Dua Lipa - Future Nostalgia,0.577
Dua Lipa - Future Nostalgia,Adele - 30,0.565
Adele - 25,The Weeknd - After Hours,0.564
Dua Lipa - Future Nostalgia,Olivia Rodrigo - Sour,0.561
Taylor Swift - 1989,Dua Lipa - Future Nostalgia,0.554
"Billie Eilish - When We All Fall Asleep, Where Do We Go?",Adele - 30,0.535
Taylor Swift - Reputation,Dua Lipa - Future Nostalgia,0.51
Lorde - Melodrama,Dua Lipa - Future Nostalgia,0.51
"Billie Eilish - When We All Fall Asleep, Where Do We Go?",Dua Lipa - Future Nostalgia,0.509
Justin Bieber - Purpose,"Billie Eilish - When We All Fall Asleep, Where Do We Go?",0.508
"Billie Eilish - When We All Fall Asleep, Where Do We Go?",Taylor Swift - Folklore,0.506
"Billie Eilish - When We All Fall Asleep, Where Do We Go?",Taylor Swift - Midnights,0.502
"Billie Eilish - When We All Fall Asleep, Where Do We Go?",Harry Styles - Harry's House,0.488
Harry Styles - Fine Line,The Weeknd - After Hours,0.485
Dua Lipa - Future Nostalgia,The Weeknd - After Hours,0.47
Ed Sheeran - Divide,Dua Lipa - Future Nostalgia,0.457
The Weeknd - After Hours,Olivia Rodrigo - Guts,0.453
Rihanna - Anti,Dua Lipa - Future Nostalgia,0.449
"Billie Eilish - When We All Fall Asleep, Where Do We Go?",Olivia Rodrigo - Sour,0.442
Taylor Swift - Lover,"Billie Eilish - When We All Fall Asleep, Where Do We Go?",0.426
Ariana Grande - Sweetener,"Billie Eilish - When We All Fall Asleep, Where Do We Go?",0.388
"Ariana Grande - Thank U, Next","Billie Eilish - When We All Fall Asleep, Where Do We Go?",0.384
Taylor Swift - Reputation,"Billie Eilish - When We All Fall Asleep, Where Do We Go?",0.38
Taylor Swift - 1989,"Billie Eilish - When We All Fall Asleep, Where Do We Go?",0.375
Lorde - Melodrama,"Billie Eilish - When We All Fall Asleep, Where Do We Go?",0.356
Dua Lipa - Future Nostalgia,Olivia Rodrigo - Guts,0.324
Rihanna - Anti,"Billie Eilish - When We All Fall Asleep, Where Do We Go?",0.319
"Billie Eilish - When We All Fall Asleep, Where Do We Go?",The Weeknd - After Hours,0.291
"Billie Eilish - When We All Fall Asleep, Where Do We Go?",Olivia Rodrigo - Guts,0.227
Ed Sheeran - Divide,"Billie Eilish - When We All Fall Asleep, Where Do We Go?",0.206
